<?xml version="1.0"?>
<pagescount>
	<html_total>57</html_total>
	<html_done>5</html_done>
	<images>177</images>
	<script>9</script>
	<css>6</css>
	<pdf/>
	<documents/>
	<excel/>
	<powerpoint/>
	<flash/>
	<audios/>
	<videos>2</videos>
	<xml/>
	<json/>
	<txt/>
	<autocad/>
	<fonts>27</fonts>
	<scraping_reload>1</scraping_reload>
	<is_pretty_url>false</is_pretty_url>
	<is_ebn>false</is_ebn>
	<email>mughees.abbas@gmail.com</email>
	<theme_name>WmdTheme592494</theme_name>
	<server_url_front_page>https://www6.waybackmachinedownloader.com/wdo/files/demo/thecut.co_mughees.abbas_gmail.com_3u87szm5q2/</server_url_front_page>
	<no_www_url>thecut.co</no_www_url>
	<hosted_domain/>
	<original_archive_url>https://www.thecut.co/</original_archive_url>
	<final_archive_url>https://www.thecut.co/</final_archive_url>
	<front_page_code_date/>
	<total_urls_from_api/>
	<max_reached_live>false</max_reached_live>
	<scrape_other_captures>false</scrape_other_captures>
	<total_size>60776</total_size>
</pagescount>
